<?xml version="1.0" encoding="UTF-8"?>
<CustomApplication xmlns="http://soap.sforce.com/2006/04/metadata">
    <brand>
        <headerColor>#0070D2</headerColor>
        <shouldOverrideOrgTheme>false</shouldOverrideOrgTheme>
    </brand>
    <formFactors>Large</formFactors>
    <isNavAutoTempTabsDisabled>false</isNavAutoTempTabsDisabled>
    <isNavPersonalizationDisabled>false</isNavPersonalizationDisabled>
    <label>Expenses</label>
    <navType>Standard</navType>
    <tabs>Expense_Tracker</tabs>
    <tabs>Expense__c</tabs>
    <uiType>Lightning</uiType>
    <utilityBar>Expenses_UtilityBar</utilityBar>
</CustomApplication>
