<?xml version="1.0" encoding="UTF-8"?>
<CustomObject xmlns="http://soap.sforce.com/2006/04/metadata">
    <actionOverrides>
        <actionName>Accept</actionName>
        <type>Default</type>
    </actionOverrides>
    <actionOverrides>
        <actionName>CancelEdit</actionName>
        <type>Default</type>
    </actionOverrides>
    <actionOverrides>
        <actionName>Clone</actionName>
        <type>Default</type>
    </actionOverrides>
    <actionOverrides>
        <actionName>Delete</actionName>
        <type>Default</type>
    </actionOverrides>
    <actionOverrides>
        <actionName>Edit</actionName>
        <type>Default</type>
    </actionOverrides>
    <actionOverrides>
        <actionName>List</actionName>
        <type>Default</type>
    </actionOverrides>
    <actionOverrides>
        <actionName>New</actionName>
        <type>Default</type>
    </actionOverrides>
    <actionOverrides>
        <actionName>SaveEdit</actionName>
        <type>Default</type>
    </actionOverrides>
    <actionOverrides>
        <actionName>Tab</actionName>
        <type>Default</type>
    </actionOverrides>
    <actionOverrides>
        <actionName>View</actionName>
        <type>Default</type>
    </actionOverrides>
    <allowInChatterGroups>true</allowInChatterGroups>
    <compactLayoutAssignment>SYSTEM</compactLayoutAssignment>
    <deploymentStatus>Deployed</deploymentStatus>
    <enableActivities>true</enableActivities>
    <enableBulkApi>true</enableBulkApi>
    <enableChangeDataCapture>false</enableChangeDataCapture>
    <enableFeeds>false</enableFeeds>
    <enableHistory>true</enableHistory>
    <enableReports>true</enableReports>
    <enableSearch>true</enableSearch>
    <enableSharing>true</enableSharing>
    <enableStreamingApi>true</enableStreamingApi>
    <label>Expense</label>
    <nameField>
        <label>Expense Name</label>
        <trackHistory>false</trackHistory>
        <type>Text</type>
    </nameField>
    <pluralLabel>Expenses</pluralLabel>
    <searchLayouts>
        <customTabListAdditionalFields>Amount__c</customTabListAdditionalFields>
        <customTabListAdditionalFields>Approved__c</customTabListAdditionalFields>
        <customTabListAdditionalFields>Client__c</customTabListAdditionalFields>
        <customTabListAdditionalFields>Date__c</customTabListAdditionalFields>
        <customTabListAdditionalFields>Reimbursed__c</customTabListAdditionalFields>
        <lookupDialogsAdditionalFields>Amount__c</lookupDialogsAdditionalFields>
        <lookupDialogsAdditionalFields>Approved__c</lookupDialogsAdditionalFields>
        <lookupDialogsAdditionalFields>Client__c</lookupDialogsAdditionalFields>
        <lookupDialogsAdditionalFields>Date__c</lookupDialogsAdditionalFields>
        <lookupDialogsAdditionalFields>Reimbursed__c</lookupDialogsAdditionalFields>
        <lookupPhoneDialogsAdditionalFields>Amount__c</lookupPhoneDialogsAdditionalFields>
        <lookupPhoneDialogsAdditionalFields>Approved__c</lookupPhoneDialogsAdditionalFields>
        <lookupPhoneDialogsAdditionalFields>Client__c</lookupPhoneDialogsAdditionalFields>
        <lookupPhoneDialogsAdditionalFields>Date__c</lookupPhoneDialogsAdditionalFields>
        <lookupPhoneDialogsAdditionalFields>Reimbursed__c</lookupPhoneDialogsAdditionalFields>
        <searchResultsAdditionalFields>Amount__c</searchResultsAdditionalFields>
        <searchResultsAdditionalFields>Approved__c</searchResultsAdditionalFields>
        <searchResultsAdditionalFields>Client__c</searchResultsAdditionalFields>
        <searchResultsAdditionalFields>Date__c</searchResultsAdditionalFields>
        <searchResultsAdditionalFields>Reimbursed__c</searchResultsAdditionalFields>
    </searchLayouts>
    <sharingModel>ReadWrite</sharingModel>
    <startsWith>Vowel</startsWith>
    <visibility>Public</visibility>
</CustomObject>
